{"llm_query_cost_breakdown": [0, 0.016939000000000003, 0.025980000000000007, 0.029943, 0.030791000000000002, 0.03470100000000001, 0.03247500000000001, 0.019887, 0.027301000000000002, 0.024451, 0.021411, 0.022002999999999998, 0.030023, 0.026827999999999998, 0.023527000000000003, 0.036136999999999996, 0.036794999999999994, 0.03329700000000001, 0.03399100000000001, 0.034697000000000006, 0.026583, 0.045057, 0.027566999999999998, 0.037367000000000004, 0.028605, 0.029116999999999997], "llm_query_time_breakdown": [0.9461319446563721, 4.895412445068359, 4.08059024810791, 4.403390645980835, 50.6738383769989, 4.940352916717529, 54.041558504104614, 4.28773832321167, 8.77335786819458, 51.08492660522461, 2.7460622787475586, 3.0575547218322754, 54.922597885131836, 3.908184051513672, 3.076059103012085, 54.09706211090088, 4.1123292446136475, 5.223841905593872, 101.26318693161011, 3.8758904933929443, 54.60815215110779, 6.5778467655181885, 52.15291666984558, 3.5835587978363037, 3.197896718978882, 54.84679698944092], "llm_query_cost": 0.735473, "llm_query_time": 599.3772346973419}