{"llm_query_cost_breakdown": [0, 0.031180000000000003, 0.026184, 0.026868000000000003, 0.024595000000000002, 0.022136000000000003, 0.032455, 0.033281, 0.033979, 0.028010999999999998, 0.028695000000000005, 0.029323, 0.033748, 0.034492, 0.027459, 0.027956, 0.024545, 0.041703000000000004, 0.034041, 0.026075, 0.03981699999999999, 0.022509, 0.032184, 0.028151000000000002, 0.05234900000000001, 0.029116999999999997], "llm_query_time_breakdown": [0.9279820919036865, 4.325440406799316, 3.6934797763824463, 4.335251331329346, 103.0458664894104, 4.259748220443726, 3.9735422134399414, 52.10223317146301, 4.439565181732178, 55.21445059776306, 3.872473955154419, 3.856605052947998, 53.63498592376709, 3.5964035987854004, 3.668198347091675, 52.94892430305481, 2.6550838947296143, 56.24807000160217, 4.6881139278411865, 2.5538318157196045, 54.709632873535156, 4.208882570266724, 114.7541115283966, 6.4489922523498535, 51.68126702308655, 4.80961275100708], "llm_query_cost": 0.7708529999999999, "llm_query_time": 660.652749300003}