{"llm_query_cost_breakdown": [0, 0.016943, 0.023245000000000002, 0.032915, 0.030628999999999997, 0.025307000000000003, 0.025921, 0.026643, 0.02389, 0.027975000000000003, 0.032220000000000006, 0.032965999999999995, 0.033649000000000005, 0.030661, 0.039185, 0.028067, 0.028569999999999998, 0.037491, 0.042523, 0.04335700000000001, 0.039779999999999996, 0.031571, 0.036513, 0.037409000000000005, 0.028575, 0.04350099999999999], "llm_query_time_breakdown": [0.4210548400878906, 3.4914770126342773, 4.245001792907715, 3.933560848236084, 52.99272918701172, 4.702796697616577, 3.831757068634033, 53.38738226890564, 4.284416913986206, 3.6300787925720215, 53.25164818763733, 4.404517650604248, 55.397772550582886, 3.73409366607666, 4.691552639007568, 55.07074546813965, 3.683338165283203, 54.79817485809326, 3.6326382160186768, 57.89598894119263, 5.081096887588501, 56.131391763687134, 3.9681239128112793, 3.733502149581909, 110.45847129821777, 5.221789121627808], "llm_query_cost": 0.799506, "llm_query_time": 616.0751008987427}