{"llm_query_cost_breakdown": [0, 0.022538999999999997, 0.023282999999999998, 0.020960000000000003, 0.024583, 0.031679, 0.029221000000000007, 0.026649, 0.030662000000000005, 0.03495700000000001, 0.035729, 0.03302200000000001, 0.04122000000000001, 0.030663, 0.031367000000000006, 0.039755, 0.036746, 0.037532, 0.034081, 0.026059, 0.030992999999999996, 0.053914999999999984, 0.041311999999999995, 0.032725000000000004, 0.04758899999999999, 0.03877699999999999], "llm_query_time_breakdown": [1.2128000259399414, 4.145899295806885, 6.07192063331604, 5.787232160568237, 48.463095903396606, 3.5549957752227783, 4.0301220417022705, 54.178375005722046, 3.98779296875, 3.7164931297302246, 54.01840806007385, 3.716949939727783, 55.383517265319824, 4.811424255371094, 54.109782695770264, 4.465264320373535, 3.9428770542144775, 108.20723271369934, 9.22217845916748, 50.13670897483826, 4.112499713897705, 60.91685223579407, 7.050844192504883, 52.92728114128113, 5.3998119831085205, 57.20665264129639], "llm_query_cost": 0.836018, "llm_query_time": 670.7770125865936}