{"llm_query_cost_breakdown": [0, 0.03751400000000001, 0.037934, 0.03900000000000001, 0.040334, 0.041127, 0.04223400000000001, 0.043073999999999994, 0.044083000000000004, 0.044996999999999995, 0.045985000000000005, 0.046943000000000006, 0.04783799999999999, 0.048617, 0.04979599999999999, 0.050216000000000004, 0.051572, 0.052302999999999995, 0.05346999999999999, 0.05441100000000001, 0.055291, 0.05626399999999999, 0.05726400000000001, 0.058113000000000005, 0.059099000000000006, 0.059904], "llm_query_time_breakdown": [0.6823620796203613, 3.7131476402282715, 4.505145072937012, 50.115769147872925, 2.789365530014038, 57.363850593566895, 3.1655170917510986, 4.1833271980285645, 52.867687940597534, 2.6694188117980957, 55.10346174240112, 3.6863045692443848, 54.22582817077637, 57.02401542663574, 3.2364587783813477, 54.614277601242065, 58.79523825645447, 57.739378213882446, 4.174945592880249, 53.30741620063782, 56.86526894569397, 2.8083314895629883, 3.918890953063965, 56.31030249595642, 56.3787100315094, 57.94212794303894], "llm_query_cost": 1.217383, "llm_query_time": 818.1865475177765}