{"llm_query_cost_breakdown": [0, 0.027733999999999998, 0.033484999999999994, 0.034705, 0.051151999999999996, 0.042534, 0.038616, 0.051057000000000005, 0.046918, 0.042427, 0.056000999999999995, 0.045017, 0.06576199999999999, 0.06753200000000001, 0.06257599999999999, 0.064242, 0.073034, 0.060112000000000006, 0.06906899999999999, 0.07067399999999999, 0.06449200000000001, 0.057800000000000004, 0.067406, 0.060395000000000004, 0.079071, 0.054113999999999995], "llm_query_time_breakdown": [10.822311878204346, 3.903269052505493, 5.864922523498535, 54.332748889923096, 5.462948322296143, 55.436561822891235, 5.3326802253723145, 52.69857096672058, 57.555898666381836, 6.98317289352417, 53.40847206115723, 58.65218186378479, 4.753289699554443, 57.467214584350586, 63.04668974876404, 57.431100845336914, 59.46177697181702, 63.151328802108765, 55.50517010688782, 60.02381420135498, 119.47187066078186, 59.00648760795593, 60.71100425720215, 54.26274514198303, 59.659754514694214, 9.540074825286865], "llm_query_cost": 1.385925, "llm_query_time": 1153.9460611343384}