{"llm_query_cost_breakdown": [0, 0.027691999999999998, 0.033428, 0.034634, 0.036094, 0.032054, 0.038432999999999995, 0.05662, 0.07571199999999997, 0.054316, 0.037602, 0.05749399999999999, 0.072154, 0.040876, 0.04877500000000001, 0.057168, 0.05135300000000001, 0.067549, 0.061556, 0.07858, 0.06438200000000001, 0.065956, 0.07569700000000001, 0.068808, 0.079013, 0.054006], "llm_query_time_breakdown": [5.313400030136108, 6.515318393707275, 7.160349607467651, 50.03421401977539, 8.196009159088135, 50.3831627368927, 4.901762962341309, 58.74872541427612, 63.72865605354309, 55.96344709396362, 4.352792024612427, 108.58839297294617, 56.75938296318054, 58.07322454452515, 58.32518124580383, 5.067306041717529, 58.11750078201294, 58.72342491149902, 62.2498517036438, 57.84826326370239, 120.24701452255249, 55.45810794830322, 62.69490623474121, 5.616288423538208, 114.94321489334106, 108.67793869972229], "llm_query_cost": 1.3699519999999998, "llm_query_time": 1306.6878366470337}