{"llm_query_cost_breakdown": [0, 0.036166, 0.028810000000000002, 0.034649, 0.035999, 0.032122, 0.054754, 0.034324, 0.047006, 0.04241, 0.03759, 0.038675999999999995, 0.05913500000000001, 0.04086, 0.062554, 0.036044999999999994, 0.065817, 0.06753199999999998, 0.054035, 0.07080600000000001, 0.056527, 0.08228999999999999, 0.075769, 0.05177, 0.06163, 0.062981], "llm_query_time_breakdown": [7.718904972076416, 4.753412961959839, 6.5263848304748535, 54.61990237236023, 6.577549695968628, 50.483516216278076, 60.890779972076416, 3.604914665222168, 59.10523986816406, 13.433308601379395, 49.46095418930054, 5.8504958152771, 53.213722944259644, 57.873167753219604, 63.7810423374176, 11.480123281478882, 107.65825176239014, 110.49084639549255, 58.22836661338806, 63.297614097595215, 57.55994200706482, 122.14791560173035, 58.94080567359924, 56.961002826690674, 5.569401741027832, 57.06589698791504], "llm_query_cost": 1.2702570000000002, "llm_query_time": 1207.2934641838074}