{"llm_query_cost_breakdown": [0, 0.032187, 0.038178, 0.03473899999999999, 0.036011, 0.063336, 0.03856299999999999, 0.045444000000000005, 0.05827400000000001, 0.042318999999999996, 0.043649, 0.07024, 0.046247, 0.047569999999999994, 0.048863000000000004, 0.050164, 0.058448, 0.037915000000000004, 0.053981, 0.055214000000000006, 0.056495000000000004, 0.06584799999999999, 0.050766, 0.06890600000000001, 0.05296, 0.07177199999999999], "llm_query_time_breakdown": [12.079655885696411, 10.420914649963379, 54.529316425323486, 7.367873430252075, 5.185077428817749, 94.57847595214844, 55.8910915851593, 7.6707093715667725, 100.47035884857178, 8.418302059173584, 5.412797689437866, 55.972957611083984, 58.753220319747925, 58.7841477394104, 4.414759874343872, 55.72054982185364, 59.79769802093506, 9.165455341339111, 103.7443470954895, 57.904550075531006, 58.874091386795044, 57.90561318397522, 124.47265553474426, 58.7163405418396, 55.6769437789917, 59.58796954154968], "llm_query_cost": 1.2680889999999998, "llm_query_time": 1241.5158731937408}