{"llm_query_cost_breakdown": [0, 0.061770000000000005, 0.06382299999999998, 0.06578400000000001, 0.067555, 0.07017, 0.071444, 0.073875, 0.07580300000000001, 0.077705, 0.07967399999999998, 0.081917, 0.08389200000000002, 0.08595699999999999, 0.08791899999999998, 0.089491, 0.09184200000000003, 0.09394000000000001, 0.09592, 0.09806700000000002, 0.09953, 0.10181199999999999, 0.103869, 0.10552700000000001, 0.108013, 0.11010199999999999], "llm_query_time_breakdown": [10.389990091323853, 2.6406877040863037, 55.83825182914734, 51.28010845184326, 55.159661054611206, 3.214319944381714, 2.840877056121826, 57.77841114997864, 52.46291518211365, 3.167715549468994, 58.7398247718811, 51.79621076583862, 55.507673501968384, 55.971896171569824, 115.6697747707367, 55.90377402305603, 56.15725588798523, 114.30760598182678, 53.72443771362305, 60.95827078819275, 59.261529207229614, 113.51151180267334, 52.499138832092285, 114.396803855896, 55.071717977523804, 113.58887076377869], "llm_query_cost": 2.1454009999999997, "llm_query_time": 1481.839234828949}