{"llm_query_cost_breakdown": [0, 0.051094, 0.048329, 0.05479200000000001, 0.041563, 0.037816, 0.044718999999999995, 0.046209, 0.041916999999999996, 0.061535, 0.050805, 0.058750000000000004, 0.060429000000000004, 0.05535100000000001, 0.05694099999999999, 0.072839, 0.059985, 0.08417000000000001, 0.06303900000000001, 0.08051500000000002, 0.058117, 0.076041, 0.07781700000000001, 0.10584899999999998, 0.081277, 0.073907], "llm_query_time_breakdown": [0.39168500900268555, 6.718709230422974, 54.3373076915741, 4.671588897705078, 54.07824778556824, 4.32140588760376, 53.899603843688965, 54.47275900840759, 9.400472402572632, 48.15932321548462, 4.940375804901123, 106.40761423110962, 57.2432279586792, 58.27473211288452, 57.33146572113037, 58.22959589958191, 7.416383504867554, 156.95094776153564, 5.478274583816528, 55.786346435546875, 118.56529688835144, 57.629708766937256, 58.65715408325195, 172.38108563423157, 58.3264856338501, 58.60946178436279], "llm_query_cost": 1.5438060000000002, "llm_query_time": 1382.679259777069}