{"llm_query_cost_breakdown": [0, 0.042061, 0.047853, 0.05473599999999999, 0.046619999999999995, 0.038276, 0.056179, 0.040984, 0.06006099999999998, 0.043676, 0.04495899999999999, 0.059210000000000006, 0.041000999999999996, 0.062846, 0.043262999999999996, 0.06624200000000001, 0.06049499999999999, 0.05434699999999999, 0.07136999999999999, 0.06506699999999999, 0.058419000000000006, 0.05965500000000001, 0.05232699999999999, 0.062444, 0.063696, 0.092591], "llm_query_time_breakdown": [0.23479080200195312, 8.894412755966187, 55.280221462249756, 7.968778610229492, 55.03963303565979, 4.549386024475098, 115.0419249534607, 57.62883162498474, 4.439259052276611, 56.58328890800476, 4.583649396896362, 112.5556173324585, 58.80237364768982, 60.36700797080994, 3.491215705871582, 116.71629524230957, 59.740527629852295, 60.910922050476074, 63.27910900115967, 59.08488607406616, 57.37198567390442, 62.14811444282532, 58.280906677246094, 59.62364912033081, 5.046011209487915, 171.87922739982605], "llm_query_cost": 1.388378, "llm_query_time": 1379.5420258045197}