{"llm_query_cost_breakdown": [0, 0.041773000000000005, 0.038735, 0.040285, 0.041773, 0.043337, 0.04493899999999999, 0.03908, 0.048107, 0.043545999999999994, 0.044815999999999995, 0.046125, 0.040813, 0.06940100000000002, 0.050147000000000004, 0.044235, 0.06019300000000001, 0.06941, 0.078875, 0.056887999999999994, 0.049990999999999994, 0.10149499999999997, 0.09509499999999997, 0.061953999999999995, 0.072491, 0.092337], "llm_query_time_breakdown": [0.23856806755065918, 5.057711124420166, 4.634465217590332, 105.72129917144775, 53.32347583770752, 4.83049750328064, 54.18072032928467, 4.625523567199707, 54.83842873573303, 4.33123779296875, 53.454257011413574, 62.27527976036072, 8.07727861404419, 54.90728497505188, 57.92984318733215, 6.670947074890137, 53.83719491958618, 59.72613596916199, 57.30622100830078, 58.76655411720276, 3.646186351776123, 163.2134714126587, 61.3731484413147, 61.33345174789429, 58.61888265609741, 172.6235272884369], "llm_query_cost": 1.4158410000000003, "llm_query_time": 1285.5415918827057}