{"llm_query_cost_breakdown": [0, 0.032777, 0.034255, 0.045489, 0.047201, 0.053673, 0.05060099999999999, 0.035303, 0.036427, 0.049678999999999994, 0.05750000000000001, 0.046383, 0.054369, 0.05582899999999999, 0.043313, 0.044465, 0.03809699999999999, 0.06959299999999999, 0.047927000000000004, 0.049073, 0.058393999999999995, 0.06797299999999999, 0.052343, 0.088653, 0.054671000000000004, 0.06517600000000001], "llm_query_time_breakdown": [0.2568538188934326, 4.904333829879761, 4.717740774154663, 58.92316913604736, 57.09095883369446, 6.475018262863159, 57.33786392211914, 3.774338960647583, 115.92629170417786, 57.48455286026001, 8.207629442214966, 56.50678205490112, 59.16140604019165, 12.35338282585144, 105.51544690132141, 6.8545355796813965, 6.085392236709595, 55.77947211265564, 59.98770999908447, 57.31488060951233, 15.875958919525146, 47.331477880477905, 57.32995367050171, 62.420655727386475, 4.823232650756836, 111.0912504196167], "llm_query_cost": 1.2791640000000002, "llm_query_time": 1093.5302891731262}