{"llm_query_cost_breakdown": [0, 0.06309599999999999, 0.06519100000000001, 0.067486, 0.06935999999999999, 0.07175300000000001, 0.07342499999999999, 0.075711, 0.07795599999999998, 0.08020799999999999, 0.08195400000000001, 0.08418600000000001, 0.08650600000000003, 0.08851900000000003, 0.09057799999999999, 0.092723, 0.09481000000000002, 0.09680399999999999, 0.09904600000000002, 0.10128400000000001, 0.10340099999999999, 0.105353, 0.10741, 0.10954700000000002, 0.111772, 0.113607], "llm_query_time_breakdown": [0.2134690284729004, 3.2239723205566406, 56.07323503494263, 58.99475145339966, 56.96793079376221, 57.345178842544556, 57.55590200424194, 59.0410041809082, 58.362980365753174, 58.623512268066406, 59.112165451049805, 58.63255572319031, 60.90786170959473, 56.551432609558105, 115.84774923324585, 60.15842533111572, 59.71141314506531, 58.735238552093506, 118.26197481155396, 59.588550329208374, 116.70516920089722, 60.57845497131348, 119.6157295703888, 58.52631187438965, 117.16587686538696, 118.48032927513123], "llm_query_cost": 2.211686, "llm_query_time": 1764.9811749458313}