{"llm_query_cost_breakdown": [0, 0.016426, 0.021926, 0.019881999999999997, 0.023885, 0.028261999999999992, 0.022413, 0.021102, 0.028528000000000005, 0.020562999999999998, 0.021714999999999998, 0.026486000000000003, 0.031631, 0.029172000000000007, 0.04727199999999999, 0.053765000000000014, 0.046926999999999996, 0.034544, 0.04084499999999999, 0.032087000000000004, 0.049266, 0.050986, 0.046989, 0.048525, 0.050067, 0.038995], "llm_query_time_breakdown": [0.17671895027160645, 4.88771915435791, 5.794638633728027, 4.845737934112549, 7.389830827713013, 41.745338678359985, 3.0394227504730225, 3.0955281257629395, 52.78266096115112, 2.1613571643829346, 2.2345478534698486, 55.09121227264404, 4.556333065032959, 3.942239284515381, 58.08914279937744, 55.01034593582153, 58.10155916213989, 5.969741106033325, 53.83470916748047, 3.7400929927825928, 116.62517762184143, 6.659782648086548, 57.141618967056274, 57.1825909614563, 5.6604108810424805, 55.83091592788696], "llm_query_cost": 0.852259, "llm_query_time": 725.5893738269806}