{"llm_query_cost_breakdown": [0, 0.011824000000000001, 0.008238, 0.008830000000000001, 0.013302000000000001, 0.01414, 0.014986000000000003, 0.014273999999999998, 0.013398, 0.012358, 0.01834, 0.01165, 0.018054, 0.022913999999999997, 0.013153999999999999, 0.024762000000000003, 0.025686000000000007, 0.026609999999999995, 0.017643999999999996, 0.02079, 0.021474, 0.022130000000000004, 0.022801999999999996, 0.029257999999999996, 0.027126, 0.034002000000000004], "llm_query_time_breakdown": [0.968707799911499, 2.9992125034332275, 5.485010862350464, 4.508535861968994, 3.48730206489563, 2.902531147003174, 4.384227991104126, 2.900379180908203, 33.14305305480957, 2.99375319480896, 4.184900760650635, 1.9097492694854736, 2.761465072631836, 48.80770707130432, 1.7855920791625977, 2.90108323097229, 3.9325597286224365, 50.856231927871704, 2.952205181121826, 2.536890983581543, 49.17287230491638, 5.893710136413574, 4.98168420791626, 3.0491881370544434, 51.17749881744385, 2.7794606685638428], "llm_query_cost": 0.4677459999999999, "llm_query_time": 303.45551323890686}