{"llm_query_cost_breakdown": [0, 0.019761000000000008, 0.021873, 0.017764, 0.023826, 0.023286999999999995, 0.027674, 0.032429000000000006, 0.03453699999999999, 0.036648999999999994, 0.035348000000000004, 0.040873, 0.031588, 0.037123, 0.038843, 0.04932099999999999, 0.04230300000000001, 0.039272, 0.040808, 0.03719700000000001, 0.049211000000000005, 0.03988300000000001, 0.03551, 0.054390999999999995, 0.050016, 0.08302699999999999], "llm_query_time_breakdown": [0.05446600914001465, 5.033223390579224, 3.196458101272583, 4.672261953353882, 4.032169818878174, 49.624364137649536, 8.757953405380249, 6.059391260147095, 43.33122396469116, 3.1801748275756836, 15.035346031188965, 5.846240282058716, 53.4999053478241, 3.834318161010742, 55.886330127716064, 4.976750135421753, 56.171722173690796, 3.6865899562835693, 56.0430109500885, 64.31040525436401, 53.806665897369385, 4.678261041641235, 2.4775431156158447, 57.612058877944946, 58.0050630569458, 60.20551300048828], "llm_query_cost": 0.942514, "llm_query_time": 684.0174102783203}