{"llm_query_cost_breakdown": [0, 0.019889999999999994, 0.021998000000000004, 0.024102000000000002, 0.023939, 0.025867, 0.030446000000000004, 0.026845999999999995, 0.031619, 0.03030800000000001, 0.032036, 0.037387000000000004, 0.04311400000000001, 0.037216000000000006, 0.026357000000000002, 0.04068600000000001, 0.037822999999999996, 0.048901, 0.035927999999999995, 0.047588, 0.049311999999999995, 0.056579000000000004, 0.04131, 0.036727, 0.044003999999999995, 0.039045], "llm_query_time_breakdown": [0.05882406234741211, 3.2082679271698, 2.9928090572357178, 2.9170939922332764, 51.66194725036621, 3.966001033782959, 3.762443780899048, 52.138948917388916, 4.758419036865234, 4.249743938446045, 51.93139386177063, 4.233247518539429, 55.6979603767395, 3.5060765743255615, 55.68949270248413, 5.418054103851318, 54.701326847076416, 3.106060266494751, 58.50419497489929, 59.79542589187622, 59.58173894882202, 4.602333307266235, 55.80167508125305, 4.383354902267456, 56.49853181838989, 60.48915410041809], "llm_query_cost": 0.889028, "llm_query_time": 723.6545202732086}