{"llm_query_cost_breakdown": [0, 0.04185, 0.043641, 0.030585, 0.031735, 0.043599, 0.055794999999999983, 0.035095, 0.065582, 0.05578799999999999, 0.038437, 0.052460999999999994, 0.047473, 0.041879, 0.057074999999999994, 0.073079, 0.060083, 0.046537, 0.07889700000000001, 0.07274699999999999, 0.05814799999999999, 0.042813000000000004, 0.060913, 0.053445, 0.072611, 0.074099], "llm_query_time_breakdown": [0.16753101348876953, 8.705096006393433, 54.52787804603577, 4.344259023666382, 3.343418836593628, 52.31308698654175, 56.80785322189331, 3.472175359725952, 55.661964654922485, 57.657179832458496, 3.5657408237457275, 58.63491773605347, 53.78685903549194, 3.4423272609710693, 54.89157485961914, 57.86687874794006, 59.3105092048645, 3.607985496520996, 56.59394693374634, 60.71088719367981, 57.45770001411438, 58.69600200653076, 59.85309100151062, 57.802231788635254, 59.55207705497742, 59.054213523864746], "llm_query_cost": 1.3343669999999999, "llm_query_time": 1061.8273856639862}