{"llm_query_cost_breakdown": [0, 0.046133, 0.052677, 0.055028999999999995, 0.051976999999999995, 0.048488, 0.033709, 0.034937, 0.04783899999999999, 0.043239, 0.050811, 0.033174999999999996, 0.05404699999999999, 0.041897, 0.071269, 0.051518, 0.06035299999999999, 0.046578999999999995, 0.039906, 0.064861, 0.090885, 0.05949700000000001, 0.052266999999999994, 0.071025, 0.06354299999999999, 0.06494799999999999], "llm_query_time_breakdown": [0.1697080135345459, 5.412503480911255, 56.607245445251465, 5.998998641967773, 109.40577816963196, 54.441216230392456, 3.1833856105804443, 54.25960993766785, 10.713526010513306, 52.345125913619995, 58.97714328765869, 8.272278547286987, 53.36337971687317, 6.453395843505859, 100.3374240398407, 60.23968768119812, 60.40490102767944, 58.005205154418945, 17.010416269302368, 49.4865460395813, 114.83806562423706, 64.84551239013672, 57.337952613830566, 61.36379885673523, 58.42395305633545, 59.95635223388672], "llm_query_cost": 1.330609, "llm_query_time": 1241.8531098365784}