{"llm_query_cost_breakdown": [0, 0.037156999999999996, 0.043559, 0.045394, 0.04186899999999999, 0.04878899999999999, 0.05050799999999999, 0.05226800000000001, 0.054015, 0.04945499999999999, 0.05113299999999999, 0.046227, 0.052239, 0.062443000000000005, 0.062016, 0.044197, 0.045323, 0.054210999999999995, 0.05567100000000001, 0.05694800000000001, 0.049989, 0.05961899999999999, 0.060979000000000005, 0.09732600000000002, 0.081528, 0.05579099999999999], "llm_query_time_breakdown": [0.16814112663269043, 5.014075517654419, 4.494983911514282, 105.86060738563538, 51.83867883682251, 5.257587194442749, 53.36924886703491, 6.963505983352661, 98.94711875915527, 58.10100340843201, 5.036892890930176, 101.64366817474365, 58.60434103012085, 5.692771911621094, 103.3009524345398, 60.00953149795532, 55.448485374450684, 6.19544243812561, 57.14725089073181, 58.00011658668518, 56.82007026672363, 5.371968746185303, 112.2854835987091, 59.34195113182068, 61.46486473083496, 112.52690935134888], "llm_query_cost": 1.358654, "llm_query_time": 1308.9056520462036}