{"llm_query_cost_breakdown": [0, 0.028057000000000002, 0.043219999999999995, 0.030285, 0.041779, 0.043333, 0.044737000000000006, 0.046410999999999994, 0.036212999999999995, 0.043367, 0.05098900000000001, 0.065607, 0.047454, 0.041929, 0.050121, 0.044239, 0.052672000000000004, 0.07699299999999998, 0.06340900000000001, 0.048869, 0.05010100000000001, 0.06801900000000001, 0.052344999999999996, 0.062189999999999995, 0.054589000000000006, 0.065008], "llm_query_time_breakdown": [0.18257594108581543, 4.03432035446167, 5.614795923233032, 51.25827193260193, 4.646894931793213, 53.197237968444824, 4.194141626358032, 106.87489056587219, 55.72840189933777, 8.109549760818481, 52.962780714035034, 58.50915241241455, 58.171327114105225, 4.1620118618011475, 55.36724090576172, 3.8751845359802246, 54.773629903793335, 64.27878594398499, 114.11085653305054, 57.10124921798706, 59.648293018341064, 59.86520576477051, 57.5814049243927, 6.39589524269104, 55.907920360565186, 58.21724843978882], "llm_query_cost": 1.2519360000000002, "llm_query_time": 1114.76926779747}