{"llm_query_cost_breakdown": [0, 0.06281800000000001, 0.06514100000000002, 0.066804, 0.069105, 0.07139300000000001, 0.07348399999999997, 0.07564799999999999, 0.07777399999999998, 0.079624, 0.08194900000000002, 0.084009, 0.08625100000000001, 0.08828799999999999, 0.10119800000000001, 0.092513, 0.094789, 0.09651300000000002, 0.098863, 0.10129700000000001, 0.10321799999999999, 0.105074, 0.10712200000000001, 0.109493, 0.11065599999999999, 0.112739], "llm_query_time_breakdown": [0.16871905326843262, 4.307278871536255, 58.26636743545532, 52.48815298080444, 57.81407880783081, 58.39249086380005, 58.87236523628235, 59.207242250442505, 58.515942335128784, 9.465116024017334, 61.256836891174316, 59.37025213241577, 58.696877241134644, 58.324968338012695, 57.81189274787903, 64.15821290016174, 57.94401407241821, 59.3984477519989, 117.18671178817749, 61.757734298706055, 114.28500890731812, 61.00189161300659, 118.41539764404297, 56.58508086204529, 66.13846397399902, 114.85108828544617], "llm_query_cost": 2.2157630000000004, "llm_query_time": 1604.6806333065033}