{"llm_query_cost_breakdown": [0, 0.014876, 0.018289, 0.020387000000000002, 0.020634, 0.024404999999999996, 0.026395000000000002, 0.025970000000000003, 0.022729000000000003, 0.032759, 0.0254, 0.033329, 0.038572999999999996, 0.040545000000000005, 0.042562, 0.036698, 0.046569000000000006, 0.04000700000000001, 0.04165300000000001, 0.052757000000000005, 0.05473599999999999, 0.031563, 0.032669000000000004, 0.06087, 0.04604899999999999, 0.059129], "llm_query_time_breakdown": [0.23592114448547363, 2.9980039596557617, 2.929969072341919, 3.565943479537964, 3.598323106765747, 48.72306036949158, 3.0191550254821777, 3.2466421127319336, 6.937881231307983, 52.6077721118927, 2.8170859813690186, 51.043384075164795, 3.036593198776245, 7.423958778381348, 50.36947512626648, 2.8647897243499756, 58.11479115486145, 3.2880914211273193, 55.42414307594299, 58.94789171218872, 5.3403379917144775, 56.90811014175415, 5.395614862442017, 53.38201570510864, 3.0971601009368896, 56.39090609550476], "llm_query_cost": 0.889553, "llm_query_time": 601.7070207595825}