{"llm_query_cost_breakdown": [0, 0.014856999999999999, 0.018327, 0.020340000000000004, 0.018745, 0.022240000000000003, 0.024089, 0.021057000000000003, 0.030464999999999996, 0.029636000000000003, 0.031494999999999995, 0.033336, 0.03853000000000001, 0.04060300000000001, 0.035084, 0.040698, 0.042464, 0.040095, 0.050807000000000005, 0.052839000000000004, 0.05479400000000001, 0.051771, 0.05879, 0.060849, 0.046173000000000006, 0.059202], "llm_query_time_breakdown": [0.20614314079284668, 3.3490066528320312, 2.9178519248962402, 2.889899969100952, 3.099052906036377, 49.764734983444214, 2.939431667327881, 3.405200719833374, 2.9047768115997314, 54.56671690940857, 3.764977216720581, 51.92381405830383, 3.0267622470855713, 56.95973491668701, 3.1696743965148926, 2.9718058109283447, 54.68607783317566, 3.002295970916748, 56.72777986526489, 63.12084484100342, 58.029417991638184, 4.606623888015747, 53.222981214523315, 59.80381226539612, 5.27937650680542, 54.50391244888306], "llm_query_cost": 0.9372860000000001, "llm_query_time": 660.842707157135}