{"llm_query_cost_breakdown": [0, 0.016108, 0.016703, 0.018572, 0.012873, 0.016025, 0.015021, 0.016118, 0.022565, 0.018297, 0.022465, 0.020574000000000002, 0.021627000000000004, 0.029972, 0.023898000000000003, 0.028926000000000004, 0.030249, 0.027229, 0.032767, 0.038751, 0.045151, 0.041766, 0.032753000000000004, 0.044747999999999996, 0.04059700000000001, 0.036072], "llm_query_time_breakdown": [0.22603797912597656, 3.3989219665527344, 6.741769790649414, 3.0402586460113525, 2.011758327484131, 3.0590810775756836, 42.70660614967346, 2.522380828857422, 5.084359884262085, 2.1183815002441406, 4.219369888305664, 47.8733868598938, 2.079393148422241, 4.416501522064209, 4.536307096481323, 49.73126697540283, 3.1179068088531494, 2.229179859161377, 54.73092794418335, 4.893826007843018, 54.590837717056274, 5.384196043014526, 54.30680799484253, 5.587208271026611, 54.23279523849487, 4.240764856338501], "llm_query_cost": 0.6698270000000001, "llm_query_time": 427.0802323818207}