{"llm_query_cost_breakdown": [0, 0.012124, 0.01521, 0.016855000000000002, 0.02243, 0.01803, 0.017165, 0.030853000000000002, 0.027726, 0.026738, 0.028352000000000002, 0.026851, 0.03510300000000001, 0.029848999999999997, 0.038765999999999995, 0.036724, 0.025929000000000004, 0.031352, 0.032686, 0.048029999999999996, 0.035228999999999996, 0.056692000000000006, 0.063905, 0.033664, 0.062704, 0.047478], "llm_query_time_breakdown": [0.3327507972717285, 3.31745982170105, 3.842385768890381, 2.726741075515747, 2.9717652797698975, 3.0289101600646973, 46.98600506782532, 5.542670965194702, 3.0953102111816406, 50.040363788604736, 3.7668650150299072, 8.09029221534729, 48.09608221054077, 3.1978750228881836, 4.378446817398071, 54.37684893608093, 2.0807549953460693, 55.12039113044739, 3.03336501121521, 3.8629937171936035, 54.085201025009155, 58.851524353027344, 61.148356676101685, 3.0335123538970947, 56.48578882217407, 58.971038818359375], "llm_query_cost": 0.8204449999999999, "llm_query_time": 600.463700056076}