{"llm_query_cost_breakdown": [0, 0.016342, 0.018396000000000003, 0.013504000000000002, 0.016638, 0.022341, 0.024080999999999998, 0.023540000000000002, 0.025239, 0.029734, 0.031574, 0.033469, 0.03524200000000001, 0.037081, 0.038985000000000006, 0.040892, 0.038533, 0.027222, 0.04636799999999999, 0.03886400000000001, 0.040265999999999996, 0.046849999999999996, 0.05375200000000001, 0.044701000000000005, 0.040532, 0.041838], "llm_query_time_breakdown": [0.2780330181121826, 5.046801328659058, 3.142559289932251, 3.2534728050231934, 2.7496910095214844, 2.8717589378356934, 47.93670725822449, 3.6676571369171143, 3.4101381301879883, 51.210681200027466, 3.3253350257873535, 4.9827961921691895, 56.0236132144928, 3.944681167602539, 52.157241344451904, 6.436302661895752, 53.5567946434021, 2.569143056869507, 56.36927103996277, 6.870260238647461, 2.9299371242523193, 114.24103808403015, 55.72113013267517, 3.0580520629882812, 57.63739609718323, 3.8229782581329346], "llm_query_cost": 0.825984, "llm_query_time": 607.2134704589844}