{"llm_query_cost_breakdown": [0, 0.025504000000000002, 0.029211000000000004, 0.026811, 0.033948, 0.034781000000000006, 0.03583700000000001, 0.023422000000000005, 0.034149, 0.034943, 0.025189, 0.025804, 0.037645000000000005, 0.022897, 0.023591, 0.028089, 0.041039000000000006, 0.045891, 0.029922000000000004, 0.034775, 0.039968, 0.04067899999999999, 0.041482, 0.028155, 0.028658999999999997, 0.034011], "llm_query_time_breakdown": [3.8102951049804688, 6.233181476593018, 3.6345314979553223, 3.842611789703369, 49.526883125305176, 3.9152731895446777, 54.95762538909912, 5.137774229049683, 3.6257669925689697, 51.49535918235779, 3.644805669784546, 3.3399100303649902, 102.4424102306366, 4.6295225620269775, 2.636582374572754, 104.51865410804749, 5.826287269592285, 96.43852353096008, 5.219313859939575, 51.097524642944336, 57.849056005477905, 5.636738061904907, 53.81390571594238, 2.8252079486846924, 51.529796838760376, 4.478991270065308], "llm_query_cost": 0.8064020000000001, "llm_query_time": 742.1065320968628}