{"llm_query_cost_breakdown": [0, 0.022705, 0.026313000000000003, 0.030057000000000004, 0.033968, 0.031508999999999995, 0.026119, 0.036783, 0.03767399999999999, 0.035115, 0.035948999999999995, 0.032996, 0.033784999999999996, 0.023133, 0.027574000000000005, 0.028141, 0.036876000000000006, 0.033393, 0.03841900000000001, 0.026123, 0.035524999999999994, 0.036167000000000005, 0.036763, 0.028167000000000005, 0.038095, 0.038867], "llm_query_time_breakdown": [3.872277021408081, 4.229644060134888, 3.3979310989379883, 3.466991901397705, 53.01259899139404, 3.6632251739501953, 54.411433696746826, 4.443638324737549, 6.938368320465088, 47.8318727016449, 5.274409532546997, 54.84335374832153, 6.186693906784058, 3.241879940032959, 48.23863768577576, 4.911267995834351, 53.02110195159912, 6.330633878707886, 52.559608697891235, 4.117501497268677, 59.22170662879944, 6.474940776824951, 52.45960021018982, 2.795498847961426, 4.783910036087036, 54.5717134475708], "llm_query_cost": 0.8102160000000002, "llm_query_time": 604.3004400730133}