{"llm_query_cost_breakdown": [0, 0.028408999999999997, 0.029241000000000003, 0.030081000000000004, 0.033989, 0.031786999999999996, 0.03584500000000001, 0.026749000000000005, 0.030851000000000003, 0.028125000000000004, 0.039401000000000005, 0.033123, 0.033879000000000006, 0.03835500000000001, 0.03150100000000001, 0.028055000000000004, 0.028746, 0.041871, 0.04687100000000001, 0.039078, 0.035540999999999996, 0.04975199999999999, 0.041511000000000006, 0.042178, 0.033358, 0.058332999999999996], "llm_query_time_breakdown": [1.6670129299163818, 4.12151575088501, 3.676534652709961, 54.445260524749756, 4.323985576629639, 5.276155710220337, 50.78038811683655, 3.9645514488220215, 3.765059232711792, 53.3622088432312, 8.92774510383606, 50.1249418258667, 5.979098081588745, 52.618408203125, 3.8554768562316895, 5.225760221481323, 51.05119347572327, 3.64802622795105, 56.76890683174133, 66.0334575176239, 4.09703254699707, 48.67767906188965, 3.7724690437316895, 60.25697898864746, 4.372858285903931, 54.55760097503662], "llm_query_cost": 0.8966300000000001, "llm_query_time": 665.3503060340881}