{"llm_query_cost_breakdown": [0, 0.022355000000000003, 0.029169000000000007, 0.029997, 0.030833, 0.034706, 0.032373, 0.033393000000000006, 0.030733000000000003, 0.031569999999999994, 0.025138, 0.022071, 0.030097000000000002, 0.038451, 0.023541000000000003, 0.040107, 0.024615, 0.041865000000000006, 0.025593000000000005, 0.026115, 0.035491, 0.027151, 0.027632999999999998, 0.028135, 0.028572999999999998, 0.024336999999999998], "llm_query_time_breakdown": [4.8956379890441895, 4.5907909870147705, 3.7058048248291016, 3.5947868824005127, 49.081955432891846, 4.750317811965942, 52.45988345146179, 8.190031290054321, 3.7513270378112793, 48.084755659103394, 4.07097864151001, 5.508371591567993, 49.31215190887451, 5.980592250823975, 53.14249920845032, 7.2639830112457275, 53.37683367729187, 4.3941590785980225, 5.058457851409912, 98.2072126865387, 11.408340454101562, 48.89638614654541, 4.661748647689819, 2.68768572807312, 107.80235385894775, 5.669952154159546], "llm_query_cost": 0.7440420000000001, "llm_query_time": 650.5469982624054}