{"llm_query_cost_breakdown": [0, 0.03822300000000001, 0.038890999999999995, 0.039397, 0.040607, 0.041426000000000004, 0.042556, 0.04319699999999999, 0.044127000000000006, 0.044857, 0.04595899999999999, 0.04709, 0.04799999999999999, 0.048873, 0.049673999999999996, 0.050615999999999994, 0.05173699999999999, 0.052444000000000005, 0.053561, 0.054476000000000004, 0.05525, 0.056458999999999995, 0.05728399999999999, 0.058261999999999994, 0.05910100000000001, 0.060138], "llm_query_time_breakdown": [3.2079601287841797, 2.6701226234436035, 2.961327075958252, 52.795193910598755, 2.498208522796631, 53.72523808479309, 2.7406399250030518, 13.054128170013428, 45.17827534675598, 2.4572806358337402, 57.048588037490845, 2.7610130310058594, 50.61952352523804, 3.0419912338256836, 2.6887552738189697, 56.542951822280884, 57.28564763069153, 4.873881816864014, 3.0152370929718018, 50.34759712219238, 56.306150674819946, 2.8145928382873535, 3.195401668548584, 57.506327867507935, 54.37970995903015, 56.90400409698486], "llm_query_cost": 1.222205, "llm_query_time": 700.6197481155396}