{"llm_query_cost_breakdown": [0, 0.011859, 0.008251, 0.010065999999999999, 0.008136000000000001, 0.015554999999999998, 0.015012000000000001, 0.014299000000000003, 0.018327000000000003, 0.017530000000000004, 0.020175, 0.021099000000000003, 0.014136999999999997, 0.022947, 0.021731999999999994, 0.024795, 0.025719000000000002, 0.024252000000000003, 0.017667, 0.028490999999999995, 0.024129, 0.027616, 0.028455999999999995, 0.03218699999999999, 0.033111, 0.034035], "llm_query_time_breakdown": [3.901059150695801, 3.1172800064086914, 6.066344738006592, 4.442243337631226, 3.7764432430267334, 5.45253586769104, 4.987289190292358, 4.778257131576538, 21.11374306678772, 2.79903507232666, 2.9140098094940186, 5.623854875564575, 45.05681538581848, 4.489755153656006, 4.7353198528289795, 3.619997024536133, 43.4715690612793, 3.156960964202881, 5.44557523727417, 48.30972194671631, 2.928367853164673, 3.1426303386688232, 7.225142240524292, 5.717562198638916, 44.460110664367676, 2.776319742202759], "llm_query_cost": 0.519583, "llm_query_time": 293.50794315338135}