{"llm_query_cost_breakdown": [0, 0.026128000000000005, 0.036483, 0.051830999999999995, 0.04398, 0.045628999999999996, 0.052148, 0.043179999999999996, 0.044789999999999996, 0.046649, 0.053737, 0.055632, 0.069548, 0.039784, 0.05394399999999999, 0.05534499999999999, 0.06373, 0.072492, 0.059871999999999995, 0.061281, 0.070667, 0.080042, 0.06613199999999998, 0.08363300000000001, 0.068805, 0.07893900000000001], "llm_query_time_breakdown": [0.3943181037902832, 6.119219779968262, 6.542460203170776, 6.552213907241821, 43.52179193496704, 11.099597930908203, 6.283311128616333, 40.4646475315094, 6.6672444343566895, 6.908841848373413, 42.41639065742493, 6.052410840988159, 54.512097120285034, 4.961666107177734, 46.88576865196228, 5.419598579406738, 48.8171124458313, 7.7786705493927, 52.51130700111389, 6.061351537704468, 9.64686894416809, 50.80701446533203, 53.479599714279175, 6.667821645736694, 49.143585205078125, 6.023684740066528], "llm_query_cost": 1.424401, "llm_query_time": 585.7385950088501}