{"llm_query_cost_breakdown": [0, 0.03473300000000001, 0.036184999999999995, 0.033818, 0.030230999999999997, 0.035849000000000006, 0.057735999999999996, 0.033195, 0.05143099999999999, 0.035864, 0.037147, 0.056329000000000004, 0.039081, 0.04027699999999999, 0.08095999999999998, 0.042574, 0.043436999999999996, 0.044858, 0.06034700000000001, 0.046889, 0.048006, 0.07293100000000001, 0.050235999999999996, 0.07655299999999998, 0.060859, 0.062380000000000005], "llm_query_time_breakdown": [0.23614025115966797, 6.426973342895508, 6.525829792022705, 5.738137245178223, 4.424893379211426, 46.672890186309814, 5.785115718841553, 5.259338140487671, 52.47508263587952, 4.448347091674805, 4.7237019538879395, 55.96723437309265, 6.759149074554443, 5.450631618499756, 50.83352470397949, 4.294809818267822, 53.006449460983276, 6.896886110305786, 54.75641441345215, 4.492775201797485, 14.250484228134155, 50.170761823654175, 8.296775817871094, 62.25866770744324, 8.325939178466797, 49.26059031486511], "llm_query_cost": 1.2119059999999997, "llm_query_time": 577.7375435829163}