{"llm_query_cost_breakdown": [0, 0.030375000000000006, 0.040215, 0.037967, 0.029755999999999998, 0.05986400000000001, 0.041872000000000006, 0.048505, 0.039334999999999995, 0.040772, 0.041922, 0.049400000000000006, 0.044830999999999996, 0.05244, 0.05405299999999999, 0.06891, 0.056852, 0.072777, 0.060079999999999995, 0.06864200000000001, 0.04749199999999999, 0.05644199999999999, 0.065742, 0.09181600000000001, 0.060345, 0.078887], "llm_query_time_breakdown": [0.244797945022583, 8.03171420097351, 5.867041826248169, 6.3885414600372314, 3.9557034969329834, 39.55381107330322, 5.466704845428467, 48.74990749359131, 5.6205339431762695, 8.56951379776001, 39.49374604225159, 8.615295886993408, 10.20140552520752, 48.64965271949768, 6.534656047821045, 54.79653739929199, 14.776351690292358, 45.71901869773865, 6.577874422073364, 51.37291193008423, 4.149489879608154, 7.344404458999634, 46.84667634963989, 57.04796504974365, 6.066842079162598, 52.62596392631531], "llm_query_cost": 1.3392920000000001, "llm_query_time": 593.2670621871948}