{"llm_query_cost_breakdown": [0, 0.015654, 0.014025000000000001, 0.017012, 0.016652, 0.017359, 0.025934, 0.025085, 0.026729999999999997, 0.031092, 0.026052, 0.027392, 0.032226, 0.026474, 0.031445, 0.040995, 0.029804999999999998, 0.048555, 0.036757, 0.037790000000000004, 0.044202000000000005, 0.035273, 0.04714499999999999, 0.048523000000000004, 0.050151, 0.045688000000000006], "llm_query_time_breakdown": [0.2601799964904785, 6.005798816680908, 9.667553186416626, 5.768444299697876, 4.344817399978638, 4.461409568786621, 10.638401985168457, 10.985282897949219, 6.762198209762573, 24.39379620552063, 7.332855224609375, 7.6572699546813965, 4.9406654834747314, 4.280894994735718, 45.58847618103027, 6.563414812088013, 4.731416940689087, 5.295577049255371, 44.67506504058838, 5.396146059036255, 4.967841625213623, 37.61732339859009, 8.690467596054077, 6.456202507019043, 41.779728174209595, 5.825667142868042], "llm_query_cost": 0.7980159999999998, "llm_query_time": 325.0868947505951}