{"llm_query_cost_breakdown": [0, 0.016675, 0.018873, 0.017398999999999998, 0.023271000000000003, 0.018570999999999997, 0.027183000000000006, 0.024223, 0.028762, 0.027597, 0.029211, 0.021101, 0.029204000000000004, 0.023372999999999998, 0.028336999999999998, 0.025603, 0.035216, 0.054238999999999996, 0.033603, 0.049393000000000006, 0.041291999999999995, 0.053034000000000005, 0.038876999999999995, 0.03471, 0.053016999999999995, 0.066549], "llm_query_time_breakdown": [0.21317505836486816, 9.236472606658936, 15.89830470085144, 3.505667209625244, 8.037767887115479, 25.30974793434143, 4.810826063156128, 7.8398277759552, 13.029555082321167, 40.48717498779297, 10.438736200332642, 6.376353025436401, 37.19290733337402, 2.369584798812866, 3.23878812789917, 53.068122148513794, 2.9776217937469482, 56.85941195487976, 6.0035271644592285, 3.2078869342803955, 51.821473836898804, 58.667120695114136, 60.01804518699646, 2.274981737136841, 57.349427223205566, 3.5098838806152344], "llm_query_cost": 0.8193129999999998, "llm_query_time": 543.7423913478851}