X0,X1,X2,X3,X4,X5,score,generalization_score
9,0.258943323491781,0.14545236945647202,0.07301276842154,0.6053358137165971,0.32727366913738304,0.10577574525745259,0.08055555555555556
3,0.025916788312907002,0.025733601650414002,0.055597475198167004,0.011471547768812,0.059174926217381005,0.5692750677506775,0.5638888888888889
10,0.035954977598076004,0.338127450990065,0.099695146946049,0.011165009283219,0.088018302545044,0.10577574525745259,0.08055555555555556
5,0.06735821318219401,0.141762540885659,0.148435914494946,0.075680665183566,0.018413537756286,0.10577574525745259,0.08055555555555556
9,0.360764343380227,0.153181766188089,0.023722057013521,0.059463312150988004,0.38253570233160905,0.10577574525745259,0.08055555555555556
3,0.0772,0.0,0.2509,0.0102,0.0126,0.41266453735965924,0.33611111111111114
3,0.0199,0.0001,0.0101,0.0101,0.0101,0.7007912311265969,0.6638888888888889
3,0.0199,0.0,0.01,0.01,0.01,0.7007912311265969,0.6638888888888889
3,0.0199,0.0001,0.0101,0.152,0.3057,0.4495838172667441,0.4
2,0.02,0.0001,0.0101,0.01,0.01,0.5950154858691443,0.5305555555555556
3,0.01,0.0,0.01,0.01,0.01,0.7007912311265969,0.6638888888888889
5,0.0398,0.0,0.025,0.01,0.01,0.7856610530391018,0.7916666666666666
15,0.99,0.5,0.49,0.99,0.49,0.10577574525745259,0.08055555555555556
5,0.0413,0.0,0.0263,0.0102,0.0102,0.7724496709252808,0.7611111111111111
5,0.0399,0.0,0.025,0.01,0.01,0.7856610530391018,0.7916666666666666
5,0.01,0.0,0.025,0.01,0.01,0.72857868757259,0.6944444444444444
5,0.1646,0.0,0.01,0.01,0.01,0.8733497870692993,0.8777777777777778
5,0.17,0.0,0.025,0.01,0.01,0.8649825783972125,0.8083333333333333
5,0.1777,0.0,0.01,0.01,0.01,0.9004960317460318,0.8805555555555555
5,0.178,0.0,0.01,0.01,0.01,0.9004960317460318,0.8805555555555555
5,0.1778,0.0,0.01,0.01,0.01,0.9004960317460318,0.8805555555555555
5,0.2865,0.0,0.01,0.01,0.01,0.8782302555168409,0.8777777777777778
5,0.2206,0.0,0.01,0.01,0.01,0.8775333914053427,0.8555555555555555
5,0.1779,0.0,0.01,0.01,0.01,0.9004960317460318,0.8805555555555555
5,0.2132,0.0,0.01,0.01,0.01,0.8754355400696863,0.8722222222222222
5,0.1781,0.0,0.01,0.01,0.01,0.9004960317460318,0.8805555555555555
5,0.1799,0.0,0.01,0.01,0.01,0.9004960317460318,0.8805555555555555
5,0.361,0.0,0.01,0.01,0.01,0.8719342818428185,0.8527777777777777
5,0.1782,0.0001,0.01,0.01,0.01,0.9004960317460318,0.8805555555555555
7,0.1811,0.0,0.01,0.01,0.01,0.9067460317460316,0.9055555555555556
