{"llm_query_cost_breakdown": [0, 0.016566, 0.018819000000000002, 0.020821, 0.021070000000000002, 0.024897, 0.027015, 0.029407000000000003, 0.023111999999999997, 0.033503, 0.035378, 0.030859, 0.039568, 0.037895, 0.035889, 0.04558999999999999, 0.04344299999999999, 0.04982500000000001, 0.051877000000000006, 0.053961, 0.041117, 0.047789000000000005, 0.05496099999999999, 0.051137, 0.064397, 0.06045], "llm_query_time_breakdown": [0.16922593116760254, 3.752655029296875, 3.136810302734375, 3.301159143447876, 5.72467565536499, 46.25135159492493, 4.895294189453125, 3.5073649883270264, 51.85085940361023, 3.605476140975952, 2.7551767826080322, 53.82861399650574, 3.223845958709717, 55.72290396690369, 3.5036141872406006, 56.376155853271484, 3.4083101749420166, 56.48132085800171, 59.80594563484192, 3.256718873977661, 58.142693281173706, 3.8055591583251953, 56.090028047561646, 58.75061011314392, 3.244292736053467, 57.74700999259949], "llm_query_cost": 0.959346, "llm_query_time": 662.337671995163}