{"llm_query_cost_breakdown": [0, 0.016685, 0.018725, 0.020801000000000004, 0.022977000000000004, 0.025049, 0.027077000000000004, 0.029212999999999996, 0.025878999999999996, 0.033424999999999996, 0.035369, 0.034185, 0.032625, 0.04159, 0.0437, 0.04562, 0.043601, 0.049905000000000005, 0.051913, 0.049346999999999995, 0.046258999999999995, 0.042732, 0.03893099999999999, 0.062377, 0.052918999999999994, 0.054603], "llm_query_time_breakdown": [0.16454792022705078, 3.19789981842041, 2.775667190551758, 3.1861472129821777, 3.3012585639953613, 50.77050590515137, 2.8521337509155273, 3.289220094680786, 52.36253118515015, 3.635526180267334, 3.7858970165252686, 53.37496304512024, 3.048943042755127, 59.26789712905884, 3.150336980819702, 53.55012106895447, 3.007573366165161, 57.86761927604675, 60.40928792953491, 2.941084384918213, 56.249187707901, 4.493978261947632, 56.2843759059906, 58.09125208854675, 6.232426881790161, 54.977108001708984], "llm_query_cost": 0.9455070000000001, "llm_query_time": 662.2674899101257}