{"llm_query_cost_breakdown": [0, 0.016669, 0.018813, 0.019098999999999998, 0.023189000000000005, 0.016436999999999997, 0.027101000000000004, 0.024227, 0.026097, 0.030661, 0.035393, 0.037491000000000003, 0.029078, 0.037890999999999994, 0.039880000000000006, 0.037617000000000005, 0.04352499999999999, 0.036674000000000005, 0.047423, 0.044448, 0.05599900000000001, 0.053, 0.060312, 0.040199, 0.052979, 0.06651700000000002], "llm_query_time_breakdown": [0.16930413246154785, 3.1027681827545166, 3.0013182163238525, 3.075684070587158, 3.454576253890991, 49.234561920166016, 4.532448768615723, 3.120277166366577, 3.5836658477783203, 49.66291284561157, 3.432525873184204, 55.59571075439453, 3.1808159351348877, 3.033202886581421, 54.36190176010132, 13.540625810623169, 48.5040488243103, 3.5051169395446777, 56.201438188552856, 116.10896372795105, 3.2214181423187256, 60.67259335517883, 3.084174156188965, 55.85653281211853, 58.7666118144989, 6.368685722351074], "llm_query_cost": 0.9207190000000002, "llm_query_time": 668.3718841075897}