{"llm_query_cost_breakdown": [0, 0.015302999999999999, 0.018773, 0.020843999999999998, 0.023098999999999998, 0.024918999999999997, 0.027043, 0.029130999999999997, 0.031183000000000002, 0.033280000000000004, 0.026038, 0.037411, 0.035951, 0.034306, 0.032130000000000006, 0.029620999999999998, 0.039393, 0.041039000000000006, 0.042689, 0.04929800000000001, 0.046187000000000006, 0.032479, 0.054948, 0.06233800000000001, 0.064501, 0.048779], "llm_query_time_breakdown": [0.16892600059509277, 3.1906540393829346, 2.743182420730591, 2.918619155883789, 7.218688011169434, 46.3453483581543, 2.8732056617736816, 2.9465389251708984, 54.149672746658325, 2.969712972640991, 3.0505127906799316, 54.29689168930054, 6.490641832351685, 52.33332133293152, 3.244065284729004, 3.1331746578216553, 57.13633108139038, 6.482948064804077, 50.94847011566162, 57.82788014411926, 5.403692245483398, 2.0876400470733643, 58.087159156799316, 58.69944429397583, 59.808804750442505, 3.1179709434509277], "llm_query_cost": 0.900683, "llm_query_time": 607.673496723175}