{"llm_query_cost_breakdown": [0, 0.016649, 0.017238, 0.021005, 0.023353000000000002, 0.025008999999999997, 0.027073000000000003, 0.029408999999999998, 0.03138099999999999, 0.030673, 0.035345, 0.03744100000000001, 0.039618, 0.030635999999999997, 0.032176, 0.041604, 0.043544, 0.032358000000000005, 0.047378, 0.039677000000000004, 0.046182, 0.042697000000000006, 0.054922999999999986, 0.040168, 0.052876000000000006, 0.06646200000000001], "llm_query_time_breakdown": [0.16871023178100586, 4.644567251205444, 3.0597074031829834, 3.114298105239868, 4.446384906768799, 46.63725471496582, 8.012868881225586, 3.5622811317443848, 48.80779695510864, 3.5164387226104736, 3.357753038406372, 55.39481282234192, 5.799998998641968, 52.297510623931885, 3.044499635696411, 55.76863098144531, 5.95868706703186, 53.72216773033142, 3.9083139896392822, 57.30482077598572, 3.3933441638946533, 57.753883838653564, 6.840135097503662, 55.23301696777344, 2.7788591384887695, 58.50095582008362], "llm_query_cost": 0.9048749999999999, "llm_query_time": 607.0276989936829}