{"llm_query_cost_breakdown": [0, 0.032320999999999996, 0.04757599999999999, 0.04443, 0.041156, 0.032203999999999997, 0.033338000000000007, 0.051165999999999996, 0.05260999999999999, 0.036502, 0.049848, 0.057761999999999994, 0.039908, 0.060958, 0.062711, 0.050105, 0.06603800000000001, 0.067658, 0.05409499999999999, 0.0554, 0.056574000000000006, 0.057983999999999994, 0.075887, 0.07748000000000002, 0.061658, 0.07183], "llm_query_time_breakdown": [0.3464009761810303, 5.340200424194336, 4.503055095672607, 110.98655462265015, 56.18057060241699, 4.065992832183838, 5.89670205116272, 55.18260312080383, 60.15301847457886, 3.4294731616973877, 59.55334687232971, 59.97766327857971, 3.8046319484710693, 61.2115204334259, 59.5460000038147, 4.912951946258545, 59.293076515197754, 63.013044595718384, 58.70311141014099, 60.951353788375854, 62.171425580978394, 4.752978324890137, 117.25623822212219, 62.94385623931885, 60.886789321899414, 63.38485670089722], "llm_query_cost": 1.337199, "llm_query_time": 1168.4474165439606}