{"llm_query_cost_breakdown": [0, 0.03221, 0.042647000000000004, 0.049424, 0.046227000000000004, 0.05307800000000001, 0.033288, 0.034451999999999997, 0.035438000000000004, 0.042563, 0.06835700000000001, 0.045018999999999997, 0.05928899999999999, 0.04768999999999999, 0.048872, 0.05726799999999999, 0.05864800000000002, 0.045438, 0.06929699999999998, 0.07090299999999998, 0.06455000000000001, 0.049746, 0.05921600000000001, 0.051988000000000006, 0.05317399999999999, 0.054245999999999996], "llm_query_time_breakdown": [0.20419096946716309, 5.849544048309326, 7.102710485458374, 109.58623671531677, 59.92004752159119, 61.0638313293457, 6.18495512008667, 6.1652867794036865, 103.60194158554077, 60.885627031326294, 8.987884998321533, 109.48468732833862, 60.079259634017944, 5.886168003082275, 56.481632471084595, 60.96171045303345, 4.957334280014038, 110.65387082099915, 61.69737696647644, 61.605650186538696, 62.87777876853943, 120.04486727714539, 61.916749000549316, 4.081730127334595, 114.97872161865234, 121.43989038467407], "llm_query_cost": 1.273028, "llm_query_time": 1446.6996839046478}