{"llm_query_cost_breakdown": [0, 0.05019099999999999, 0.047493999999999995, 0.05424299999999999, 0.030964, 0.053048000000000005, 0.03319, 0.034406, 0.069922, 0.072348, 0.037680000000000005, 0.038799999999999994, 0.046396, 0.05429199999999999, 0.062673, 0.043205999999999994, 0.08032700000000001, 0.060002, 0.06924699999999999, 0.047582, 0.04061000000000001, 0.049775999999999994, 0.067558, 0.05186600000000001, 0.070508, 0.054161999999999995], "llm_query_time_breakdown": [0.20450711250305176, 5.379443883895874, 58.3576226234436, 5.197477102279663, 56.92662072181702, 4.902263879776001, 115.16706347465515, 4.079219818115234, 60.61503863334656, 63.74246382713318, 56.45367503166199, 3.4329428672790527, 59.84352231025696, 60.601069927215576, 5.286677360534668, 109.76189041137695, 7.845718145370483, 62.27663564682007, 59.74512457847595, 6.798565864562988, 121.36465644836426, 57.53080201148987, 64.55502367019653, 60.907339572906494, 62.251630783081055, 63.629799365997314], "llm_query_cost": 1.3204909999999999, "llm_query_time": 1236.8567950725555}