{"llm_query_cost_breakdown": [0, 0.027832000000000003, 0.042945, 0.029942, 0.031122000000000004, 0.05838399999999999, 0.044188000000000005, 0.034414, 0.035448, 0.036641999999999994, 0.03761, 0.045125, 0.046345000000000004, 0.04771799999999999, 0.069452, 0.043196, 0.051546999999999996, 0.052853, 0.061774, 0.06306799999999999, 0.05668100000000001, 0.049782, 0.050820000000000004, 0.060503, 0.053018, 0.07190599999999998], "llm_query_time_breakdown": [0.31415796279907227, 5.417819023132324, 7.691586017608643, 106.81407976150513, 3.8513481616973877, 60.012452363967896, 60.41732454299927, 7.531562805175781, 55.49403095245361, 12.133159160614014, 106.43285632133484, 4.932324171066284, 112.86992168426514, 59.79950261116028, 60.91959738731384, 3.6638243198394775, 60.03407001495361, 5.155582666397095, 114.48463034629822, 58.31516242027283, 60.248451948165894, 61.16526174545288, 4.750414133071899, 172.6202998161316, 4.707414150238037, 58.81225109100342], "llm_query_cost": 1.202315, "llm_query_time": 1268.5890855789185}