{"llm_query_cost_breakdown": [0, 0.062082000000000005, 0.06417099999999999, 0.06612999999999998, 0.067987, 0.06922800000000001, 0.07232699999999997, 0.07430199999999998, 0.07621199999999999, 0.078049, 0.08010399999999998, 0.08165199999999999, 0.08432800000000001, 0.08624599999999999, 0.088262, 0.09012000000000002, 0.09206500000000001, 0.09432299999999998, 0.09653600000000002, 0.09848499999999998, 0.10054899999999999, 0.102658, 0.10448400000000001, 0.106484, 0.10836699999999999, 0.11064199999999998], "llm_query_time_breakdown": [0.23104190826416016, 2.4110546112060547, 57.37188172340393, 57.250892162323, 58.84890365600586, 58.29633808135986, 57.80081129074097, 57.93247199058533, 60.081613302230835, 56.9679741859436, 58.989262104034424, 58.38495588302612, 58.7243287563324, 57.19751811027527, 59.39222478866577, 120.76030206680298, 61.200063705444336, 58.9790198802948, 59.568143367767334, 117.52544975280762, 58.864638328552246, 116.85176110267639, 60.7894549369812, 113.61030387878418, 115.55697560310364, 59.188963174819946], "llm_query_cost": 2.1557929999999996, "llm_query_time": 1702.7763483524323}