{"llm_query_cost_breakdown": [0, 0.018036, 0.021840000000000002, 0.019812, 0.026051999999999995, 0.015908, 0.024990000000000002, 0.026724, 0.025416, 0.026952000000000004, 0.03872799999999999, 0.040848, 0.042948, 0.04107199999999999, 0.038816, 0.036176, 0.037708, 0.044004, 0.045724, 0.042311999999999995, 0.059848000000000005, 0.061968, 0.052635999999999995, 0.06028, 0.0378, 0.057833999999999997], "llm_query_time_breakdown": [0.15698695182800293, 3.348810911178589, 4.219676733016968, 5.348059177398682, 46.8843777179718, 2.0045478343963623, 5.469218015670776, 2.868622064590454, 51.66875505447388, 2.8785977363586426, 2.9279098510742188, 57.546801805496216, 54.94081783294678, 4.416195869445801, 56.84344696998596, 2.837041139602661, 3.416208028793335, 55.59024381637573, 56.52531290054321, 3.949942111968994, 58.87954139709473, 3.148834228515625, 60.17684483528137, 3.293860912322998, 59.199410915374756, 57.131890058517456], "llm_query_cost": 0.9444319999999999, "llm_query_time": 665.671954870224}