{"llm_query_cost_breakdown": [0, 0.013107999999999998, 0.014224000000000004, 0.015338000000000001, 0.016452, 0.017574, 0.018691999999999993, 0.019821000000000002, 0.020969, 0.022094999999999997, 0.023225000000000006, 0.024345, 0.025471, 0.026590999999999997, 0.027705, 0.028839000000000007, 0.029940999999999995, 0.031070999999999998, 0.032215, 0.033319, 0.03446300000000001, 0.03237399999999999, 0.036696999999999994, 0.03442599999999999, 0.038930999999999986, 0.040053000000000005], "llm_query_time_breakdown": [0.10570216178894043, 3.5718579292297363, 5.603282928466797, 5.537899971008301, 3.022740125656128, 3.5919530391693115, 39.376328229904175, 4.1753013134002686, 2.560971260070801, 2.557302236557007, 51.742411375045776, 4.731094837188721, 4.14907693862915, 49.60774898529053, 4.3899149894714355, 6.269068717956543, 49.38525414466858, 62.98140072822571, 5.159887790679932, 52.60813522338867, 3.0316643714904785, 56.01228880882263, 3.9238219261169434, 4.691043138504028, 56.307793855667114, 4.509155035018921], "llm_query_cost": 0.6579389999999998, "llm_query_time": 489.6031000614166}