{"llm_query_cost_breakdown": [0, 0.013201999999999997, 0.014309999999999998, 0.015422000000000003, 0.016552000000000004, 0.017681000000000002, 0.018821000000000004, 0.019939000000000002, 0.019194000000000003, 0.022193, 0.021234999999999997, 0.022263000000000005, 0.023275, 0.026678999999999998, 0.027800999999999996, 0.028921, 0.030049000000000006, 0.03117099999999999, 0.032289, 0.033403, 0.031449, 0.035653000000000004, 0.03676499999999999, 0.037903, 0.039023, 0.040139], "llm_query_time_breakdown": [0.1281449794769287, 4.804402828216553, 8.155745029449463, 3.210850954055786, 10.477929830551147, 4.465417861938477, 29.615848779678345, 4.921061277389526, 3.075216054916382, 7.052968502044678, 44.97319006919861, 3.117136240005493, 2.811999797821045, 4.128815412521362, 54.2345757484436, 2.908391237258911, 53.23066282272339, 59.99598789215088, 5.823323011398315, 3.677823781967163, 52.75733494758606, 2.6787519454956055, 59.12353491783142, 3.0817673206329346, 52.44531989097595, 3.6704049110412598], "llm_query_cost": 0.6553320000000001, "llm_query_time": 484.5666060447693}