{"llm_query_cost_breakdown": [0, 0.008933000000000002, 0.009657, 0.010526000000000002, 0.010551999999999999, 0.008989, 0.009642999999999999, 0.007843, 0.012249000000000001, 0.011638999999999998, 0.010788000000000002, 0.011339, 0.010360000000000001, 0.012451, 0.011296, 0.013670999999999999, 0.016111999999999998, 0.016915000000000003, 0.015409, 0.015991, 0.020982, 0.014694, 0.020046, 0.025565, 0.018718, 0.016536], "llm_query_time_breakdown": [0.9003391265869141, 4.385792016983032, 3.2244768142700195, 2.824506998062134, 3.0396716594696045, 3.6812870502471924, 2.574855327606201, 2.0859899520874023, 2.5187489986419678, 2.3544859886169434, 33.88950800895691, 2.9899649620056152, 1.6563520431518555, 3.9382338523864746, 1.75807785987854, 2.481170177459717, 2.4437620639801025, 43.38724184036255, 2.554072618484497, 2.626228094100952, 3.3535027503967285, 2.333911895751953, 46.920984745025635, 3.2924749851226807, 3.0181169509887695, 55.32575082778931], "llm_query_cost": 0.34090400000000004, "llm_query_time": 239.5595076084137}