{"llm_query_cost_breakdown": [0, 0.008721000000000001, 0.009552999999999999, 0.010475000000000002, 0.009543, 0.012231, 0.013053, 0.012655, 0.00836, 0.012995, 0.013653, 0.011319, 0.010266, 0.017625000000000005, 0.016578999999999997, 0.015507, 0.012296000000000001, 0.014731000000000001, 0.013222, 0.013717, 0.014207999999999998, 0.019409000000000003, 0.017625000000000002, 0.015635000000000003, 0.01612, 0.016595000000000002], "llm_query_time_breakdown": [0.9353978633880615, 2.881160259246826, 2.595085620880127, 2.3788719177246094, 4.5165488719940186, 3.111514091491699, 2.948167324066162, 2.8263862133026123, 1.7099101543426514, 40.425414085388184, 3.2323269844055176, 2.496735095977783, 1.7917637825012207, 4.229210615158081, 4.518929719924927, 36.92566227912903, 2.3493032455444336, 3.29294490814209, 2.489010810852051, 2.1066908836364746, 2.546757698059082, 4.7596518993377686, 43.76327395439148, 3.144213914871216, 1.714810848236084, 53.17664694786072], "llm_query_cost": 0.3360930000000001, "llm_query_time": 236.8663899898529}