{"llm_query_cost_breakdown": [0, 0.008671, 0.009529, 0.009627000000000002, 0.011579, 0.011139000000000001, 0.013052, 0.011529999999999999, 0.015016999999999999, 0.013219, 0.010795, 0.015989, 0.015215000000000001, 0.017663, 0.016699, 0.013650999999999996, 0.01616, 0.012771000000000001, 0.017435000000000003, 0.024644, 0.016522, 0.017032000000000002, 0.022477000000000004, 0.018241, 0.016123, 0.016641], "llm_query_time_breakdown": [0.4022369384765625, 2.6785449981689453, 2.8921408653259277, 2.7057371139526367, 3.3895339965820312, 2.867309093475342, 3.078993797302246, 2.6170670986175537, 2.7263247966766357, 38.70264720916748, 2.6658596992492676, 6.044609069824219, 2.4522511959075928, 6.9162070751190186, 2.5499279499053955, 38.21605896949768, 3.001408100128174, 1.589298963546753, 2.485119342803955, 6.1133928298950195, 46.40655183792114, 3.5536203384399414, 57.052934646606445, 4.306532144546509, 1.9252171516418457, 2.5919129848480225], "llm_query_cost": 0.371421, "llm_query_time": 249.93143820762634}