{"llm_query_cost_breakdown": [0, 0.008686000000000003, 0.009636, 0.010420000000000002, 0.006542000000000001, 0.008953000000000001, 0.012936, 0.013978, 0.014809, 0.011558999999999998, 0.010789000000000002, 0.011342999999999999, 0.010249000000000001, 0.012489, 0.016627, 0.013634999999999998, 0.021957, 0.016777, 0.013226, 0.015959, 0.016505, 0.026481000000000005, 0.027265, 0.015667, 0.016208, 0.019323000000000003], "llm_query_time_breakdown": [1.1825141906738281, 2.98114275932312, 2.742595911026001, 2.885159730911255, 1.7302687168121338, 2.416229248046875, 6.629989385604858, 2.6512088775634766, 3.7770490646362305, 35.457704067230225, 2.4682278633117676, 2.347782611846924, 1.7325913906097412, 3.0218183994293213, 3.7407190799713135, 3.533717632293701, 42.11521792411804, 6.623079299926758, 3.0689351558685303, 6.223391056060791, 6.557506322860718, 36.14968514442444, 6.1263158321380615, 53.07306623458862, 2.803719997406006, 3.2988269329071045], "llm_query_cost": 0.362019, "llm_query_time": 245.33846282958984}