{"llm_query_cost_breakdown": [0, 0.008835, 0.009736999999999999, 0.009563000000000002, 0.011531, 0.012223000000000001, 0.013080999999999999, 0.011543000000000001, 0.010917999999999999, 0.015735, 0.010797000000000001, 0.017533, 0.011943000000000002, 0.010821, 0.016654999999999996, 0.011736999999999997, 0.016122, 0.014779, 0.017438000000000002, 0.013694999999999999, 0.020992999999999998, 0.017011, 0.017641000000000004, 0.023151000000000005, 0.026500000000000003, 0.024658999999999997], "llm_query_time_breakdown": [0.7371339797973633, 2.991584300994873, 3.1039490699768066, 2.8166556358337402, 2.921736001968384, 2.7401297092437744, 6.514440298080444, 6.218122959136963, 2.763507127761841, 30.649248123168945, 5.24925971031189, 3.5317909717559814, 2.7249937057495117, 3.6029772758483887, 3.075669765472412, 41.99387717247009, 5.443079233169556, 3.3886170387268066, 2.8000130653381348, 2.1222712993621826, 3.319291114807129, 39.90202522277832, 2.5449178218841553, 56.69643521308899, 6.425100803375244, 5.19550895690918], "llm_query_cost": 0.37464100000000006, "llm_query_time": 249.4723355770111}