{"llm_query_cost_breakdown": [0, 0.018680000000000002, 0.020627000000000006, 0.022574000000000004, 0.024521000000000005, 0.024160000000000004, 0.025929999999999998, 0.030362000000000004, 0.029470000000000003, 0.03425600000000001, 0.036203000000000006, 0.03815000000000001, 0.033003000000000005, 0.030869999999999998, 0.032288000000000004, 0.041859999999999994, 0.04788500000000001, 0.040968, 0.04717000000000001, 0.039368, 0.05071, 0.05761999999999999, 0.04893100000000001, 0.061514, 0.052127, 0.047862], "llm_query_time_breakdown": [0.9068379402160645, 7.194894313812256, 4.328450918197632, 3.385589838027954, 44.54281806945801, 3.1604807376861572, 3.1060798168182373, 4.39625883102417, 52.05460023880005, 2.918208122253418, 5.525171995162964, 3.1777708530426025, 56.39452505111694, 3.3845510482788086, 5.8681018352508545, 51.19930100440979, 58.5051212310791, 3.3802387714385986, 58.548649072647095, 3.2572340965270996, 57.51357293128967, 9.14492917060852, 51.759735107421875, 57.88018870353699, 58.798961877822876, 3.3917481899261475], "llm_query_cost": 0.9371090000000001, "llm_query_time": 613.7240197658539}