{"llm_query_cost_breakdown": [0, 0.014862999999999998, 0.018389000000000003, 0.020392000000000004, 0.020816, 0.024473, 0.026491, 0.028418000000000002, 0.027899000000000004, 0.032601, 0.031509, 0.036509, 0.038607, 0.036933, 0.035138, 0.044639, 0.042597, 0.044403, 0.037281999999999996, 0.043412, 0.04999300000000001, 0.056916999999999995, 0.048496, 0.060946, 0.057443, 0.05927399999999999], "llm_query_time_breakdown": [9.9883451461792, 4.629410028457642, 4.187574863433838, 4.717565298080444, 8.0869779586792, 36.376843214035034, 5.79714035987854, 3.854848861694336, 47.31932592391968, 2.930403232574463, 3.6629159450531006, 51.98423981666565, 3.421851634979248, 51.31543588638306, 3.3708648681640625, 53.07187080383301, 2.951456069946289, 54.00258183479309, 4.44753885269165, 55.60623025894165, 53.38234782218933, 3.437671661376953, 58.56063508987427, 52.55276346206665, 6.4985737800598145, 54.56519889831543], "llm_query_cost": 0.9384399999999999, "llm_query_time": 640.7206115722656}