{"llm_query_cost_breakdown": [0, 0.016124, 0.018195999999999997, 0.020266, 0.022534000000000002, 0.024363000000000003, 0.026443, 0.023603000000000002, 0.025211000000000004, 0.021163, 0.028598, 0.03658600000000001, 0.031866000000000005, 0.029958999999999996, 0.031433, 0.040802000000000005, 0.038516, 0.031499, 0.046313, 0.043483, 0.049999, 0.041774, 0.04850100000000001, 0.04482, 0.051906, 0.059266], "llm_query_time_breakdown": [9.525046825408936, 3.385287046432495, 5.459902048110962, 3.4164841175079346, 5.085708141326904, 42.591492891311646, 5.911211967468262, 4.185755491256714, 4.015809535980225, 38.71070194244385, 4.74531888961792, 8.933469295501709, 44.379340171813965, 4.507333278656006, 47.94762110710144, 3.2809391021728516, 3.315500020980835, 47.76530075073242, 3.205885887145996, 52.321502923965454, 110.84436202049255, 4.758204936981201, 51.946792125701904, 3.2700531482696533, 52.580482959747314, 57.551154136657715], "llm_query_cost": 0.8532240000000001, "llm_query_time": 623.6406607627869}