{"llm_query_cost_breakdown": [0, 0.016211, 0.018233, 0.018605, 0.022516, 0.024389, 0.024119, 0.023478000000000002, 0.027907, 0.024054000000000002, 0.028471999999999997, 0.026923999999999997, 0.045364, 0.03704299999999999, 0.023804000000000006, 0.028852000000000006, 0.026055, 0.031505000000000005, 0.037334, 0.04804800000000001, 0.030514999999999997, 0.041782999999999994, 0.032754, 0.060934999999999996, 0.057418, 0.047665], "llm_query_time_breakdown": [6.868508338928223, 7.877434015274048, 6.78173303604126, 8.626325130462646, 4.2920801639556885, 31.715445041656494, 6.150883436203003, 12.281850099563599, 4.527062892913818, 33.770886182785034, 5.864706039428711, 4.381433010101318, 47.46118378639221, 5.237111568450928, 49.835681200027466, 3.0213541984558105, 5.192084074020386, 48.61842679977417, 4.535622835159302, 52.1501407623291, 2.2283849716186523, 114.6219789981842, 3.0036351680755615, 55.75482892990112, 6.222258806228638, 51.73164129257202], "llm_query_cost": 0.8039829999999998, "llm_query_time": 582.7526807785034}