{"llm_query_cost_breakdown": [0, 0.01482, 0.013616, 0.013394000000000003, 0.016634, 0.024411000000000002, 0.014986000000000001, 0.016021000000000004, 0.022453, 0.032358000000000005, 0.028430999999999998, 0.026929, 0.021575000000000004, 0.022684999999999997, 0.031319, 0.040615, 0.025938000000000003, 0.03567200000000001, 0.037119, 0.05735399999999999, 0.030409000000000002, 0.036558, 0.03789, 0.03914999999999999, 0.046069, 0.05327900000000001], "llm_query_time_breakdown": [7.429812908172607, 4.221098899841309, 3.0577280521392822, 3.7271769046783447, 3.2147181034088135, 5.41133189201355, 43.301965951919556, 1.9230146408081055, 3.2494757175445557, 4.285426139831543, 40.919514894485474, 3.8650097846984863, 1.9723761081695557, 2.0934560298919678, 45.97238802909851, 3.297034740447998, 51.0852906703949, 2.944612979888916, 4.731716871261597, 45.652621269226074, 2.180448055267334, 32.05597805976868, 4.897314786911011, 14.305925130844116, 4.195254325866699, 49.45862126350403], "llm_query_cost": 0.739685, "llm_query_time": 389.449312210083}