{"llm_query_cost_breakdown": [0, 0.016224000000000002, 0.016743, 0.020363000000000003, 0.018796, 0.022268000000000003, 0.024148999999999997, 0.025994000000000003, 0.030599, 0.024028, 0.028504, 0.036557, 0.035272000000000005, 0.037113999999999994, 0.038928, 0.032920000000000005, 0.046742, 0.048815000000000004, 0.046345, 0.03418, 0.040334999999999996, 0.046819999999999994, 0.059144999999999996, 0.044815, 0.040635000000000004, 0.05350399999999999], "llm_query_time_breakdown": [6.155098915100098, 3.2368712425231934, 3.1589303016662598, 2.930921792984009, 4.210723400115967, 44.227922201156616, 3.112208843231201, 3.7725322246551514, 3.053004741668701, 46.1868782043457, 2.987750291824341, 2.9995012283325195, 50.92880725860596, 3.624350070953369, 53.9575309753418, 4.313934803009033, 52.05279278755188, 4.810431003570557, 57.12164378166199, 2.961657762527466, 51.01650381088257, 3.0458381175994873, 56.11389374732971, 57.81504511833191, 3.311295986175537, 54.2654070854187], "llm_query_cost": 0.869795, "llm_query_time": 581.3714756965637}