{"llm_query_cost_breakdown": [0, 0.018775999999999998, 0.020723, 0.02267, 0.024617, 0.026564, 0.028510999999999998, 0.030458000000000002, 0.032404999999999996, 0.03435, 0.03630099999999999, 0.034863, 0.036637, 0.038407000000000004, 0.044086999999999994, 0.04603, 0.043715000000000004, 0.049928, 0.05187299999999999, 0.05382000000000001, 0.050795, 0.05256500000000001, 0.05966099999999999, 0.06160800000000001, 0.06355499999999999, 0.065504], "llm_query_time_breakdown": [0.17673492431640625, 10.790971755981445, 3.2474446296691895, 5.803650140762329, 40.747881174087524, 3.0337588787078857, 3.938343048095703, 52.73871660232544, 2.881398916244507, 4.220775127410889, 53.535258531570435, 6.539386034011841, 55.81028699874878, 3.7347352504730225, 55.238089084625244, 57.40197682380676, 3.4931154251098633, 59.981882095336914, 56.374693155288696, 3.050340175628662, 63.10550498962402, 54.711690187454224, 58.78391098976135, 7.070236444473267, 55.58642625808716, 58.89818453788757], "llm_query_cost": 1.0284229999999999, "llm_query_time": 780.8953921794891}