{"llm_query_cost_breakdown": [0, 0.018146999999999996, 0.021967000000000007, 0.015757, 0.019369, 0.023369000000000004, 0.022435, 0.026819000000000003, 0.028549000000000005, 0.027042999999999998, 0.035433, 0.03734900000000001, 0.035456999999999995, 0.025193, 0.03473300000000001, 0.04503499999999999, 0.046952999999999995, 0.039341, 0.040874999999999995, 0.042407, 0.05998100000000001, 0.039943, 0.041289000000000006, 0.036707000000000004, 0.056201, 0.039027000000000006], "llm_query_time_breakdown": [0.03167891502380371, 3.2306110858917236, 7.992311954498291, 4.48641300201416, 3.697728157043457, 41.37906193733215, 4.005244255065918, 6.515074014663696, 49.300516843795776, 3.0843238830566406, 3.540328025817871, 57.77808713912964, 4.157578945159912, 51.33950352668762, 4.85143518447876, 55.19297480583191, 3.6340930461883545, 59.163869857788086, 4.568442106246948, 58.28267693519592, 119.7488226890564, 5.69312310218811, 54.55610203742981, 4.83148193359375, 59.888303995132446, 54.03464198112488], "llm_query_cost": 0.859379, "llm_query_time": 724.984429359436}