{"llm_query_cost_breakdown": [0, 0.018809000000000003, 0.018967, 0.022701000000000002, 0.024649999999999995, 0.026598999999999998, 0.028543999999999996, 0.030493000000000003, 0.032437999999999995, 0.03438499999999999, 0.036332, 0.034885, 0.040226, 0.038437, 0.044118000000000004, 0.04197299999999999, 0.03948, 0.049950999999999995, 0.051908, 0.05385499999999999, 0.050825, 0.047449000000000005, 0.054363, 0.05613499999999999, 0.057907, 0.053817000000000004], "llm_query_time_breakdown": [4.895800828933716, 4.830343961715698, 4.207725763320923, 3.0645439624786377, 2.8093292713165283, 44.48556971549988, 3.5874719619750977, 50.68647599220276, 4.495858192443848, 3.1616833209991455, 51.1085410118103, 3.2745919227600098, 54.757709980010986, 4.394887685775757, 66.20000576972961, 41.26737594604492, 5.760933876037598, 59.03650784492493, 4.6514410972595215, 56.69978904724121, 56.3010368347168, 4.425181865692139, 55.926477909088135, 54.88142800331116, 57.454716205596924, 3.941904067993164], "llm_query_cost": 0.9892469999999999, "llm_query_time": 706.3073320388794}