{"llm_query_cost_breakdown": [0, 0.014757, 0.027633000000000008, 0.024078999999999996, 0.019369, 0.025833000000000005, 0.019789, 0.026827, 0.03160500000000001, 0.033509, 0.021733000000000002, 0.033737, 0.043077, 0.029189, 0.030533000000000005, 0.04504299999999999, 0.033219, 0.029797, 0.050782999999999995, 0.05786300000000001, 0.033253, 0.045477000000000004, 0.041279, 0.036709000000000006, 0.043977, 0.051630999999999996], "llm_query_time_breakdown": [0.3536231517791748, 7.454634189605713, 5.4565839767456055, 7.914078950881958, 39.89576697349548, 2.9785759449005127, 2.5870158672332764, 2.856301784515381, 52.39501094818115, 5.467465877532959, 51.786633014678955, 3.38431715965271, 3.577951192855835, 56.27805995941162, 3.62735915184021, 55.73303937911987, 3.4967339038848877, 54.05934977531433, 10.48754596710205, 51.75428247451782, 58.30426096916199, 3.571007013320923, 57.72055101394653, 3.901737928390503, 57.04396200180054, 57.75080394744873], "llm_query_cost": 0.850701, "llm_query_time": 659.8366525173187}