{"llm_query_cost_breakdown": [0, 0.013223, 0.013083000000000003, 0.015458000000000001, 0.015123, 0.017702999999999997, 0.017167, 0.019951, 0.019199, 0.018257999999999996, 0.019173999999999997, 0.020085000000000002, 0.025561, 0.024298999999999998, 0.027788999999999994, 0.028919, 0.024690000000000004, 0.03116299999999999, 0.032291, 0.033412000000000004, 0.034531, 0.029255000000000003, 0.036780999999999994, 0.0345, 0.03551700000000001, 0.032939], "llm_query_time_breakdown": [6.123273849487305, 3.369323253631592, 2.802773952484131, 2.3788139820098877, 5.2478187084198, 2.5448269844055176, 38.82702445983887, 2.7228751182556152, 2.383427619934082, 3.19176983833313, 2.9873950481414795, 44.39349412918091, 6.207089900970459, 3.607626438140869, 44.398764848709106, 11.012786626815796, 3.429965019226074, 42.287683725357056, 60.18501853942871, 5.117514133453369, 50.735589265823364, 2.9974427223205566, 53.65972280502319, 5.399353981018066, 4.132216453552246, 50.05630588531494], "llm_query_cost": 0.6200709999999999, "llm_query_time": 460.1998972892761}