{"llm_query_cost_breakdown": [0, 0.008721000000000001, 0.00869, 0.010487000000000002, 0.011538, 0.012197000000000001, 0.012997, 0.013987, 0.014841, 0.015728000000000002, 0.015107, 0.015946000000000002, 0.018403000000000003, 0.014236000000000002, 0.018391000000000005, 0.021060999999999993, 0.018123, 0.022791000000000006, 0.017351000000000002, 0.02246, 0.020939, 0.017007, 0.022467, 0.025716000000000003, 0.018723, 0.027318], "llm_query_time_breakdown": [3.729292869567871, 3.8034420013427734, 2.9962034225463867, 3.9455952644348145, 3.612154960632324, 3.1932716369628906, 5.084789991378784, 4.162423133850098, 29.903478860855103, 3.6371231079101562, 3.3207831382751465, 3.838848114013672, 4.828517913818359, 6.286125183105469, 35.57536578178406, 3.6285347938537598, 5.746830940246582, 3.6676149368286133, 43.4390549659729, 59.192713022232056, 3.2871830463409424, 5.249095916748047, 3.82389497756958, 46.30305600166321, 2.4942128658294678, 3.318114995956421], "llm_query_cost": 0.425225, "llm_query_time": 298.0677218437195}