{"llm_query_cost_breakdown": [0, 0.008693000000000003, 0.009614999999999999, 0.010515000000000002, 0.011409, 0.011142, 0.013157, 0.014034999999999999, 0.013630999999999999, 0.015824, 0.015203000000000003, 0.012839, 0.013525, 0.014217, 0.016627000000000003, 0.011736999999999997, 0.018083000000000002, 0.014719000000000001, 0.019659000000000003, 0.020318999999999997, 0.018814, 0.019351, 0.020028000000000004, 0.018203, 0.021328, 0.022022999999999997], "llm_query_time_breakdown": [3.9519407749176025, 3.121461868286133, 4.388305425643921, 5.336793661117554, 3.513021230697632, 5.933520793914795, 5.172105312347412, 6.609419822692871, 20.813689947128296, 4.401701211929321, 2.9549319744110107, 2.8553080558776855, 3.003541946411133, 4.876699924468994, 35.6736741065979, 1.8736259937286377, 4.124268054962158, 2.6698529720306396, 4.257977724075317, 2.6835522651672363, 38.836915731430054, 58.40473985671997, 2.8376426696777344, 2.5307390689849854, 2.7238383293151855, 45.26353621482849], "llm_query_cost": 0.3846960000000001, "llm_query_time": 278.81280493736267}