{"llm_query_cost_breakdown": [0, 0.008683000000000001, 0.009654999999999999, 0.009587000000000002, 0.01069, 0.011191000000000001, 0.010738999999999999, 0.012763, 0.010986, 0.010297, 0.013693000000000002, 0.016033, 0.015233000000000002, 0.015967, 0.016668000000000002, 0.013713, 0.016181, 0.018953, 0.02177, 0.018235, 0.016513, 0.021793, 0.015274000000000001, 0.025841000000000006, 0.026526, 0.027412999999999996], "llm_query_time_breakdown": [1.6095070838928223, 3.183138370513916, 2.7484359741210938, 2.681128740310669, 2.486135244369507, 3.1561179161071777, 4.88131308555603, 2.357295274734497, 2.9551751613616943, 35.03902292251587, 2.502687692642212, 3.000645875930786, 2.981194019317627, 4.016306161880493, 2.72953724861145, 42.86200404167175, 5.238593101501465, 4.314904689788818, 4.536438941955566, 3.2072055339813232, 40.25032997131348, 4.190108299255371, 54.05233812332153, 3.7489895820617676, 5.844803094863892, 2.7807693481445312], "llm_query_cost": 0.394397, "llm_query_time": 247.35412549972534}