{"llm_query_cost_breakdown": [0, 0.008719000000000001, 0.009665, 0.010427, 0.010515, 0.012243000000000002, 0.013091000000000002, 0.012837, 0.013598, 0.015853, 0.016657, 0.017565000000000004, 0.018387, 0.014249000000000001, 0.020186999999999997, 0.015493, 0.018079, 0.020777, 0.017406, 0.018105000000000003, 0.014180000000000002, 0.017063000000000002, 0.024948, 0.023257, 0.021367999999999998, 0.024678999999999996], "llm_query_time_breakdown": [5.2041919231414795, 2.7732348442077637, 2.756056785583496, 2.618070602416992, 2.6504149436950684, 2.7190709114074707, 2.7665162086486816, 2.9479339122772217, 35.13400721549988, 3.24660587310791, 2.7909507751464844, 2.7443246841430664, 2.679202079772949, 2.3577730655670166, 45.82467699050903, 4.603641748428345, 3.2499282360076904, 3.1836278438568115, 39.846131801605225, 2.4230852127075195, 58.862725257873535, 2.593174934387207, 2.7979190349578857, 7.452545881271362, 39.88500905036926, 2.5176239013671875], "llm_query_cost": 0.4093480000000001, "llm_query_time": 286.62844371795654}