{"llm_query_cost_breakdown": [0, 0.008700000000000001, 0.008875000000000001, 0.009615, 0.008572999999999999, 0.009015, 0.008479, 0.009146999999999999, 0.009780999999999998, 0.010305, 0.015162000000000004, 0.012887, 0.016892000000000004, 0.010815000000000002, 0.020206999999999996, 0.013619, 0.012234, 0.012681000000000001, 0.013226, 0.015969, 0.014252, 0.017129000000000005, 0.020078000000000002, 0.020739, 0.021386, 0.016680999999999998], "llm_query_time_breakdown": [2.7847330570220947, 3.068936347961426, 3.1564078330993652, 5.118558883666992, 2.6967642307281494, 2.856790542602539, 2.6264119148254395, 2.3708553314208984, 2.8162381649017334, 2.60489821434021, 31.724454879760742, 2.6927571296691895, 3.3462233543395996, 1.7784759998321533, 4.011949777603149, 2.677438259124756, 39.19593787193298, 1.8400859832763672, 2.837324380874634, 2.5728201866149902, 1.6186208724975586, 3.817220687866211, 43.62544226646423, 5.490015268325806, 3.9640681743621826, 1.8329102993011475], "llm_query_cost": 0.336447, "llm_query_time": 183.12633991241455}